{
  "drive": {
    "p": 0.0020645,
    "i": 0,
    "d": 0,
    "f": 0, 
    "iz": 0
  },
  "angle": {
    "p": 0.0092,
    "i": 0.00035,
    "d": 0.013,
    "f": 0,
    "iz": 2
  }
}